{"2,3": {"time": 4.523488521575928, "score": [60, 70], "future_score": [0.3458393319871427, 0.3400300880965969, 0.3400300880965969, 0.36249552075035923, 0.38607489660191424, 0.4306767917972078, 0.4551039302738432, 0.4551039302738432, 0.46565783421952023, 0.45220155822937996, 0.4525652114279385, 0.4388784763671717]}, "4,5": {"time": 4.0753374099731445, "score": [75, 80], "future_score": [0.3400300880965969, 0.36249552075035923, 0.38607489660191424, 0.4306767917972078, 0.4551039302738432, 0.4551039302738432, 0.46565783421952023, 0.45220155822937996, 0.4525652114279385, 0.4388784763671717, 0.4388784763671717, 0.44105063445039466]}, "6,7": {"time": 3.840245246887207, "score": [75, 80], "future_score": [0.38607489660191424, 0.4306767917972078, 0.4551039302738432, 0.4551039302738432, 0.46565783421952023, 0.45220155822937996, 0.4525652114279385, 0.4388784763671717, 0.4388784763671717, 0.44105063445039466, 0.4374096718909075]}, "8,9": {"time": 3.8010942935943604, "score": [65, 70], "future_score": [0.4551039302738432, 0.4551039302738432, 0.46565783421952023, 0.45220155822937996, 0.4525652114279385, 0.4388784763671717, 0.4388784763671717, 0.44105063445039466, 0.4374096718909075, 0.4437874137952668, 0.45302633725234326]}, "10,11": {"time": 4.958631753921509, "score": [75, 80], "future_score": [0.46565783421952023, 0.45220155822937996, 0.4525652114279385, 0.4388784763671717, 0.4388784763671717, 0.44105063445039466, 0.4374096718909075, 0.4437874137952668, 0.45302633725234326, 0.45302633725234326, 0.48680344044447654, 0.5182414775271686]}, "12,13": {"time": 4.074389696121216, "score": [75, 80], "future_score": [0.4525652114279385, 0.4388784763671717, 0.4388784763671717, 0.44105063445039466, 0.4374096718909075, 0.4437874137952668, 0.45302633725234326, 0.45302633725234326, 0.48680344044447654, 0.5182414775271686, 0.5478835399420131, 0.5627669453226509]}, "14,15": {"time": 4.464121341705322, "score": [75, 80], "future_score": [0.4388784763671717, 0.44105063445039466, 0.4374096718909075, 0.4437874137952668, 0.45302633725234326, 0.45302633725234326, 0.48680344044447654, 0.5182414775271686, 0.5478835399420131, 0.5627669453226509, 0.5627669453226509, 0.5815654550229684]}, "16,17": {"time": 4.489714860916138, "score": [75, 80], "future_score": [0.4374096718909075, 0.4437874137952668, 0.45302633725234326, 0.45302633725234326, 0.48680344044447654, 0.5182414775271686, 0.5478835399420131, 0.5627669453226509, 0.5627669453226509, 0.5815654550229684, 0.5728685153640102, 0.5476370892687087]}, "18,19": {"time": 5.4507434368133545, "score": [75, 85], "future_score": [0.45302633725234326, 0.45302633725234326, 0.48680344044447654, 0.5182414775271686, 0.5478835399420131, 0.5627669453226509, 0.5627669453226509, 0.5815654550229684, 0.5728685153640102, 0.5476370892687087, 0.5251223664802854, 0.5251223664802854, 0.5316658395396703]}, "20,21": {"time": 2.5809085369110107, "score": [75, 80], "future_score": [0.48680344044447654, 0.5182414775271686, 0.5478835399420131, 0.5627669453226509, 0.5627669453226509, 0.5815654550229684, 0.5728685153640102, 0.5476370892687087, 0.5251223664802854, 0.5251223664802854]}, "22,23": {"time": 3.7805593013763428, "score": [75, 80], "future_score": [0.5478835399420131, 0.5627669453226509, 0.5627669453226509, 0.5815654550229684, 0.5728685153640102, 0.5476370892687087, 0.5251223664802854, 0.5251223664802854, 0.5316658395396703, 0.5022488364335091, 0.4944134357153581]}, "24,25": {"time": 5.577549934387207, "score": [75, 80], "future_score": [0.5627669453226509, 0.5815654550229684, 0.5728685153640102, 0.5476370892687087, 0.5251223664802854, 0.5251223664802854, 0.5316658395396703, 0.5022488364335091, 0.4944134357153581, 0.49719105941339026, 0.49719105941339026, 0.5108244199041801, 0.5248089726044289]}, "26,27": {"time": 4.716693878173828, "score": [75, 80], "future_score": [0.5728685153640102, 0.5476370892687087, 0.5251223664802854, 0.5251223664802854, 0.5316658395396703, 0.5022488364335091, 0.4944134357153581, 0.49719105941339026, 0.49719105941339026, 0.5108244199041801, 0.5248089726044289, 0.529176272372992]}, "28,29": {"time": 5.0946245193481445, "score": [85, 70], "future_score": [0.5251223664802854, 0.5251223664802854, 0.5316658395396703, 0.5022488364335091, 0.4944134357153581, 0.49719105941339026, 0.49719105941339026, 0.5108244199041801, 0.5248089726044289, 0.529176272372992, 0.5080961555685262, 0.5080961555685262, 0.5169501036901402]}, "30,31": {"time": 4.722693681716919, "score": [70, 85], "future_score": [0.5316658395396703, 0.5022488364335091, 0.4944134357153581, 0.49719105941339026, 0.49719105941339026, 0.5108244199041801, 0.5248089726044289, 0.529176272372992, 0.5080961555685262, 0.5080961555685262, 0.5169501036901402, 0.5355657137615616]}, "32,33": {"time": 4.425899505615234, "score": [75, 80], "future_score": [0.4944134357153581, 0.49719105941339026, 0.49719105941339026, 0.5108244199041801, 0.5248089726044289, 0.529176272372992, 0.5080961555685262, 0.5080961555685262, 0.5169501036901402, 0.5355657137615616, 0.5707765922050456, 0.5943857359750053]}, "34,35": {"time": 9.773252487182617, "score": [75, 80], "future_score": [0.49719105941339026, 0.5108244199041801, 0.5248089726044289, 0.529176272372992, 0.5080961555685262, 0.5080961555685262, 0.5169501036901402, 0.5355657137615616, 0.5707765922050456, 0.5943857359750053, 0.5943857359750053, 0.6376139455774954, 0.712289745687654, 0.7271157612907162, 0.7366244651618004, 0.7366244651618004, 0.753016480956104]}, "36,37": {"time": 3.9505321979522705, "score": [70, 80], "future_score": [0.5248089726044289, 0.529176272372992, 0.5080961555685262, 0.5080961555685262, 0.5169501036901402, 0.5355657137615616, 0.5707765922050456, 0.5943857359750053, 0.5943857359750053, 0.6376139455774954, 0.712289745687654]}, "38,39": {"time": 10.649886131286621, "score": [85, 90], "future_score": [0.5080961555685262, 0.5080961555685262, 0.5169501036901402, 0.5355657137615616, 0.5707765922050456, 0.5943857359750053, 0.5943857359750053, 0.6376139455774954, 0.712289745687654, 0.7271157612907162, 0.7366244651618004, 0.7366244651618004, 0.753016480956104, 0.763577930722958, 0.7611130778513274, 0.7541100712050339, 0.7541100712050339, 0.7324496184471098]}, "40,41": {"time": 5.644571542739868, "score": [75, 80], "future_score": [0.5169501036901402, 0.5355657137615616, 0.5707765922050456, 0.5943857359750053, 0.5943857359750053, 0.6376139455774954, 0.712289745687654, 0.7271157612907162, 0.7366244651618004, 0.7366244651618004, 0.753016480956104, 0.763577930722958, 0.7611130778513274]}, "42,43": {"time": 3.8933160305023193, "score": [60, 70], "future_score": [0.5707765922050456, 0.5943857359750053, 0.5943857359750053, 0.6376139455774954, 0.712289745687654, 0.7271157612907162, 0.7366244651618004, 0.7366244651618004, 0.753016480956104, 0.763577930722958, 0.7611130778513274]}, "44,45": {"time": 4.8253796100616455, "score": [70, 75], "future_score": [0.5943857359750053, 0.6376139455774954, 0.712289745687654, 0.7271157612907162, 0.7366244651618004, 0.7366244651618004, 0.753016480956104, 0.763577930722958, 0.7611130778513274, 0.7541100712050339, 0.7541100712050339, 0.7324496184471098]}, "46,47": {"time": 4.514627456665039, "score": [75, 80], "future_score": [0.712289745687654, 0.7271157612907162, 0.7366244651618004, 0.7366244651618004, 0.753016480956104, 0.763577930722958, 0.7611130778513274, 0.7541100712050339, 0.7541100712050339, 0.7324496184471098, 0.6926031136031167, 0.6656480558044628]}, "48,49": {"time": 5.07232403755188, "score": [75, 80], "future_score": [0.7366244651618004, 0.7366244651618004, 0.753016480956104, 0.763577930722958, 0.7611130778513274, 0.7541100712050339, 0.7541100712050339, 0.7324496184471098, 0.6926031136031167, 0.6656480558044628, 0.6391353631188471, 0.6391353631188471, 0.629608452358134]}, "50,51": {"time": 4.375645637512207, "score": [75, 80],