{"4,5,6,7": {"time": 5.750505208969116, "score": [70, 70, 70, 70], "future_score": [0.38607489660191424, 0.4306767917972078, 0.4551039302738432, 0.4551039302738432, 0.46565783421952023, 0.45220155822937996, 0.4525652114279385, 0.4388784763671717, 0.4388784763671717, 0.44105063445039466, 0.4374096718909075, 0.4437874137952668, 0.45302633725234326, 0.45302633725234326, 0.48680344044447654]}, "8,9,10,11": {"time": 5.35038161277771, "score": [40, 40, 80, 80], "future_score": [0.46565783421952023, 0.45220155822937996, 0.4525652114279385, 0.4388784763671717, 0.4388784763671717, 0.44105063445039466, 0.4374096718909075, 0.4437874137952668, 0.45302633725234326, 0.45302633725234326, 0.48680344044447654, 0.5182414775271686, 0.5478835399420131, 0.5627669453226509, 0.5627669453226509]}, "12,13,14,15": {"time": 6.707720756530762, "score": [85, 90, 90, 88], "future_score": [0.4388784763671717, 0.44105063445039466, 0.4374096718909075, 0.4437874137952668, 0.45302633725234326, 0.45302633725234326, 0.48680344044447654, 0.5182414775271686, 0.5478835399420131, 0.5627669453226509, 0.5627669453226509, 0.5815654550229684, 0.5728685153640102, 0.5476370892687087, 0.5251223664802854, 0.5251223664802854]}, "16,17,18,19": {"time": 6.224786043167114, "score": [80, 85, 90, 95], "future_score": [0.45302633725234326, 0.45302633725234326, 0.48680344044447654, 0.5182414775271686, 0.5478835399420131, 0.5627669453226509, 0.5627669453226509, 0.5815654550229684, 0.5728685153640102, 0.5476370892687087, 0.5251223664802854, 0.5251223664802854, 0.5316658395396703, 0.5022488364335091, 0.4944134357153581, 0.49719105941339026]}, "20,21,22,23": {"time": 7.121447563171387, "score": [80, 85, 90, 95], "future_score": [0.5478835399420131, 0.5627669453226509, 0.5627669453226509, 0.5815654550229684, 0.5728685153640102, 0.5476370892687087, 0.5251223664802854, 0.5251223664802854, 0.5316658395396703, 0.5022488364335091, 0.4944134357153581, 0.49719105941339026, 0.49719105941339026, 0.5108244199041801, 0.5248089726044289, 0.529176272372992, 0.5080961555685262]}, "24,25,26,27": {"time": 5.8455283641815186, "score": [85, 90, 95, 100], "future_score": [0.5728685153640102, 0.5476370892687087, 0.5251223664802854, 0.5251223664802854, 0.5316658395396703, 0.5022488364335091, 0.4944134357153581, 0.49719105941339026, 0.49719105941339026, 0.5108244199041801, 0.5248089726044289, 0.529176272372992, 0.5080961555685262, 0.5080961555685262, 0.5169501036901402]}, "28,29,30,31": {"time": 5.9048590660095215, "score": [90, 70, 70, 85], "future_score": [0.5316658395396703, 0.5022488364335091, 0.4944134357153581, 0.49719105941339026, 0.49719105941339026, 0.5108244199041801, 0.5248089726044289, 0.529176272372992, 0.5080961555685262, 0.5080961555685262, 0.5169501036901402, 0.5355657137615616, 0.5707765922050456, 0.5943857359750053, 0.5943857359750053]}, "32,33,34,35": {"time": 2.558044910430908, "score": [80, 85, 85, 80], "future_score": [0.49719105941339026, 0.5108244199041801, 0.5248089726044289, 0.529176272372992, 0.5080961555685262, 0.5080961555685262, 0.5169501036901402, 0.5355657137615616, 0.5707765922050456, 0.5943857359750053, 0.5943857359750053, 0.6376139455774954]}, "36,37,38,39": {"time": 1.965559720993042, "score": [70, 75, 80, 85], "future_score": [0.5080961555685262, 0.5080961555685262, 0.5169501036901402, 0.5355657137615616, 0.5707765922050456, 0.5943857359750053, 0.5943857359750053, 0.6376139455774954, 0.712289745687654, 0.7271157612907162, 0.7366244651618004]}, "40,41,42,43": {"time": 2.3374648094177246, "score": [90, 85, 70, 65], "future_score": [0.5707765922050456, 0.5943857359750053, 0.5943857359750053, 0.6376139455774954, 0.712289745687654, 0.7271157612907162, 0.7366244651618004, 0.7366244651618004, 0.753016480956104, 0.763577930722958, 0.7611130778513274, 0.7541100712050339]}, "44,45,46,47": {"time": 1.7620043754577637, "score": [60, 60, 90, 90], "future_score": [0.712289745687654, 0.7271157612907162, 0.7366244651618004, 0.7366244651618004, 0.753016480956104, 0.763577930722958, 0.7611130778513274, 0.7541100712050339, 0.7541100712050339, 0.7324496184471098, 0.6926031136031167]}, "48,49,50,51": {"time": 2.258918285369873, "score": [90, 85, 85, 85], "future_score": [0.753016480956104, 0.763577930722958, 0.7611130778513274, 0.7541100712050339, 0.7541100712050339, 0.7324496184471098, 0.6926031136031167, 0.6656480558044628, 0.6391353631188471, 0.6391353631188471, 0.629608452358134, 0.6341317914013118]}, "52,53,54,55": {"time": 1.640122413635254, "score": [85, 90, 88, 87], "future_score": [0.7541100712050339, 0.7324496184471098, 0.6926031136031167, 0.6656480558044628, 0.6391353631188471, 0.6391353631188471, 0.629608452358134, 0.6341317914013118, 0.667108345271509, 0.6900126124247311, 0.6900126124247311]}, "56,57,58,59": {"time": 2.019242286682129, "score": [85, 90, 90, 90], "future_score": [0.6391353631188471, 0.6391353631188471, 0.629608452358134, 0.6341317914013118, 0.667108345271509, 0.6900126124247311, 0.6900126124247311, 0.7098707907925406, 0.734978437729452, 0.7762613484780503, 0.8413648244449993, 0.8413648244449993]}, "60,61,62,63": {"time": 2.1974754333496094, "score": [70, 75, 80, 90], "future_score": [0.667108345271509, 0.6900126124247311, 0.6900126124247311, 0.7098707907925406, 0.734978437729452, 0.7762613484780503, 0.8413648244449993, 0.8413648244449993, 0.8972342228950771, 0.9375121548727876, 0.9657873852388335, 0.9895529836497112]}, "64,65,66,67": {"time": 2.3703930377960205, "score": [90, 85, 85, 80], "future_score": [0.734978437729452, 0.7762613484780503, 0.8413648244449993, 0.8413648244449993, 0.8972342228950771, 0.9375121548727876, 0.9657873852388335, 0.9895529836497112, 0.9895529836497112, 0.986714093421939, 0.9773211382940473, 0.9722279166827116]}, "68,69,70,71": {"time": 2.0253522396087646, "score": [70, 75, 90, 85], "future_score": [0.8972342228950771, 0.9375121548727876, 0.9657873852388335, 0.9895529836497112, 0.9895529836497112, 0.986714093421939, 0.9773211382940473, 0.9722279166827116, 0.9820426070639098, 0.9820426070639098, 0.9388943554748092, 0.8638245804259495]}, "72,73,74,75": {"time": 1.9001004695892334, "score": [90, 90, 80, 80], "future_score": [0.9895529836497112, 0.986714093421939, 0.9773211382940473, 0.9722279166827116, 0.9820426070639098, 0.9820426070639098, 0.9388943554748092, 0.8638245804259495, 0.8248126849407649, 0.78665305188228, 0.78665305188228]}, "76,77,78,79": {"time": 1.5820324420928955, "score": [90, 70, 70, 95], "future_score": [0.9820426070639098, 0.9820426070639098, 0.9388943554748092, 0.8638245804259495, 0.8248126849407649, 0.78665305188228, 0.78665305188228, 0.775907525615337, 0.7764555322248533, 0.8191607956514609, 0.8980008506355753]}, "80,81,82,83": {"time": 2.2789111137390137, "score": [90, 95, 85, 70], "future_score": [0.8248126849407649, 0.78665305188228, 0.78665305188228, 0.775907525615337, 0.7764555322248533, 0.8191607956514609, 0.8980008506355753, 0.8980008506355753, 0.9562986189503088, 1.0, 0.9519846245240053, 0.9209099637290029]}, "84,85,86,87": {"time": 3.7558140754699707, "score": [70, 70, 70, 70], "future_score": [0.7764555322248533, 0.8191607956514609, 0.8980008506355753, 0.8980008506355753, 0.9562986189503088, 1.0, 0.9519846245240053, 0.9209099637290029, 0.9209099637290029, 0.9353739875987198, 0.8928541852265456, 0.8227602215806159, 0.7113920698784577]}, "88,89,90,91": {"time": 2.716132402420044, "score": [50, 50, 50, 50], "future_score": [0.9562986189503088, 1.0, 0.9519846245240053, 0.9209099637290029, 0.9209099637290029, 0.9353739875987198, 0.8928541852265456, 0.8227602215806159, 0.7113920698784577, 0.7113920698784577, 0.6348071770105135, 0.5739648054939116]}, "92,93,94,95": {"time": 1.8876674175262451, "score": [80, 85, 95, 90], "future_score": [0.9209099637290029, 0.9353739875987198, 0.8928541852265456, 0.8227602215806159, 0.7113920698784577, 0.7113920698784577, 0.6348071770105135, 0.5739648054939116, 0.5273994045550973, 0.4852424938765921, 0.4852424938765921]}, "96,97,98,99": {"time": 2.156172513961792, "score": [85, 90, 92, 95],