{"10,11,12,13,14,15,16,17,18,19": {"time": 9.788036584854126, "score": [75, 80, 85, 87, 90, 92, 94, 95, 98, 100], "future_score": [0.45302633725234326, 0.45302633725234326, 0.48680344044447654, 0.5182414775271686, 0.5478835399420131, 0.5627669453226509, 0.5627669453226509, 0.5815654550229684, 0.5728685153640102, 0.5476370892687087, 0.5251223664802854, 0.5251223664802854, 0.5316658395396703, 0.5022488364335091, 0.4944134357153581, 0.49719105941339026, 0.49719105941339026, 0.5108244199041801, 0.5248089726044289, 0.529176272372992, 0.5080961555685262, 0.5080961555685262, 0.5169501036901402, 0.5355657137615616, 0.5707765922050456]}, "20,21,22,23,24,25,26,27,28,29": {"time": 9.400427341461182, "score": [85, 86, 88, 89, 91, 93, 95, 97, 98, 72], "future_score": [0.5251223664802854, 0.5251223664802854, 0.5316658395396703, 0.5022488364335091, 0.4944134357153581, 0.49719105941339026, 0.49719105941339026, 0.5108244199041801, 0.5248089726044289, 0.529176272372992, 0.5080961555685262, 0.5080961555685262, 0.5169501036901402, 0.5355657137615616, 0.5707765922050456, 0.5943857359750053, 0.5943857359750053, 0.6376139455774954, 0.712289745687654, 0.7271157612907162, 0.7366244651618004, 0.7366244651618004, 0.753016480956104, 0.763577930722958, 0.7611130778513274]}, "30,31,32,33,34,35,36,37,38,39": {"time": 9.031359672546387, "score": [50, 60, 65, 70, 75, 80, 85, 90, 95, 100], "future_score": [0.5080961555685262, 0.5080961555685262, 0.5169501036901402, 0.5355657137615616, 0.5707765922050456, 0.5943857359750053, 0.5943857359750053, 0.6376139455774954, 0.712289745687654, 0.7271157612907162, 0.7366244651618004, 0.7366244651618004, 0.753016480956104, 0.763577930722958, 0.7611130778513274, 0.7541100712050339, 0.7541100712050339, 0.7324496184471098, 0.6926031136031167, 0.6656480558044628, 0.6391353631188471, 0.6391353631188471, 0.629608452358134, 0.6341317914013118, 0.667108345271509]}, "40,41,42,43,44,45,46,47,48,49": {"time": 8.937729358673096, "score": [90, 88, 70, 72, 72, 72, 95, 95, 95, 85], "future_score": [0.7366244651618004, 0.7366244651618004, 0.753016480956104, 0.763577930722958, 0.7611130778513274, 0.7541100712050339, 0.7541100712050339, 0.7324496184471098, 0.6926031136031167, 0.6656480558044628, 0.6391353631188471, 0.6391353631188471, 0.629608452358134, 0.6341317914013118, 0.667108345271509, 0.6900126124247311, 0.6900126124247311, 0.7098707907925406, 0.734978437729452, 0.7762613484780503, 0.8413648244449993, 0.8413648244449993, 0.8972342228950771, 0.9375121548727876]}, "50,51,52,53,54,55,56,57,58,59": {"time": 10.927562236785889, "score": [70, 70, 75, 80, 80, 85, 85, 95, 95, 95], "future_score": [0.6391353631188471, 0.6391353631188471, 0.629608452358134, 0.6341317914013118, 0.667108345271509, 0.6900126124247311, 0.6900126124247311, 0.7098707907925406, 0.734978437729452, 0.7762613484780503, 0.8413648244449993, 0.8413648244449993, 0.8972342228950771, 0.9375121548727876, 0.9657873852388335, 0.9895529836497112, 0.9895529836497112, 0.986714093421939, 0.9773211382940473, 0.9722279166827116, 0.9820426070639098, 0.9820426070639098, 0.9388943554748092, 0.8638245804259495, 0.8248126849407649, 0.78665305188228]}, "60,61,62,63,64,65,66,67,68,69": {"time": 10.049318313598633, "score": [70, 70, 70, 85, 85, 60, 60, 75, 75, 75], "future_score": [0.8413648244449993, 0.8413648244449993, 0.8972342228950771, 0.9375121548727876, 0.9657873852388335, 0.9895529836497112, 0.9895529836497112, 0.986714093421939, 0.9773211382940473, 0.9722279166827116, 0.9820426070639098, 0.9820426070639098, 0.9388943554748092, 0.8638245804259495, 0.8248126849407649, 0.78665305188228, 0.78665305188228, 0.775907525615337, 0.7764555322248533, 0.8191607956514609, 0.8980008506355753, 0.8980008506355753, 0.9562986189503088, 1.0, 0.9519846245240053, 0.9209099637290029]}, "70,71,72,73,74,75,76,77,78,79": {"time": 11.58177661895752, "score": [80, 82, 85, 85, 75, 75, 90, 70, 70, 95], "future_score": [0.9820426070639098, 0.9820426070639098, 0.9388943554748092, 0.8638245804259495, 0.8248126849407649, 0.78665305188228, 0.78665305188228, 0.775907525615337, 0.7764555322248533, 0.8191607956514609, 0.8980008506355753, 0.8980008506355753, 0.9562986189503088, 1.0, 0.9519846245240053, 0.9209099637290029, 0.9209099637290029, 0.9353739875987198, 0.8928541852265456, 0.8227602215806159, 0.7113920698784577, 0.7113920698784577, 0.6348071770105135, 0.5739648054939116, 0.5273994045550973, 0.4852424938765921, 0.4852424938765921]}, "80,81,82,83,84,85,86,87,88,89": {"time": 9.436479806900024, "score": [95, 90, 85, 70, 70, 70, 70, 70, 70, 70], "future_score": [0.8980008506355753, 0.8980008506355753, 0.9562986189503088, 1.0, 0.9519846245240053, 0.9209099637290029, 0.9209099637290029, 0.9353739875987198, 0.8928541852265456, 0.8227602215806159, 0.7113920698784577, 0.7113920698784577, 0.6348071770105135, 0.5739648054939116, 0.5273994045550973, 0.4852424938765921, 0.4852424938765921, 0.45930411433303636, 0.3829901787502926, 0.29567069759472625, 0.25804574481019277, 0.25804574481019277, 0.23162211358278098, 0.20306578407096187, 0.1791719413139334]}, "90,91,92,93,94,95,96,97,98,99": {"time": 9.382882833480835, "score": [40, 40, 70, 80, 90, 95, 95, 85, 85, 85], "future_score": [0.7113920698784577, 0.7113920698784577, 0.6348071770105135, 0.5739648054939116, 0.5273994045550973, 0.4852424938765921, 0.4852424938765921, 0.45930411433303636, 0.3829901787502926, 0.29567069759472625, 0.25804574481019277, 0.25804574481019277, 0.23162211358278098, 0.20306578407096187, 0.1791719413139334, 0.1506754937775099, 0.1506754937775099, 0.12257914783276141, 0.09495157737517053, 0.06786727142846635, 0.04405691729840564, 0.04405691729840564, 0.033440846862664755, 0.025737255718101273, 0.0]}, "init": {"time": 10, "score": [1, 1, 1, 1, 1, 1, 1, 1, 1, 1, 1, 1, 1, 1, 1, 1, 1, 1, 1, 1], "future_score": [0.39565095904185377, 0.39565095904185377, 0.3413315691803395, 0.33296131511894406, 0.3458393319871427, 0.3400300880965969, 0.3400300880965969, 0.36249552075035923, 0.38607489660191424, 0.4306767917972078, 0.4551039302738432, 0.4551039302738432, 0.46565783421952023, 0.45220155822937996, 0.4525652114279385, 0.4388784763671717, 0.4388784763671717, 0.44105063445039466, 0.4374096718909075, 0.4437874137952668]}}